,GameID,PlayerID,AccelImpulse,AccelLoad,Speed,Date
0,1,2,5.972226999999999,0.6688389042959864,7.128783480800007,2017-11-30
1,1,3,5.972226999999999,1.0729722402570523,5.721449021599999,2017-11-30
2,1,4,5.9444492,0.4885342993596645,6.553116353600003,2017-11-30
3,1,6,5.972226999999999,0.4263423446684687,5.953393651600002,2017-11-30
4,1,7,5.972226999999999,0.7071699336626198,6.6645608871999835,2017-11-30
5,1,8,5.972226999999999,0.6505980030519184,6.372171764399992,2017-11-30
6,1,9,5.972226999999999,0.6378797345154418,6.458894056000003,2017-11-30
7,1,10,5.972226999999999,1.2140523033106665,8.358728909199998,2017-11-30
8,1,11,5.972226999999999,0.9814635421024344,6.793616546000001,2017-11-30
9,1,12,5.972226999999999,1.076692566686598,5.197726380399997,2017-11-30
10,1,13,5.972226999999999,0.6293921394116904,5.290115343199999,2017-11-30
11,1,17,5.9444492,0.275894782357246,5.160337461600001,2017-11-30
12,2,2,5.972226999999999,0.9477680014032356,6.073615970000009,2017-11-30
13,2,3,5.9444492,1.0873939802549797,7.034727850000003,2017-11-30
14,2,4,5.972226999999999,0.7146872171411307,5.991338126400011,2017-11-30
15,2,6,5.972226999999999,0.8276040777877165,6.138560466399992,2017-11-30
16,2,7,5.972226999999999,0.3865651614465133,6.2808939135999955,2017-11-30
17,2,8,5.9444492,0.8096609113713622,6.815005452,2017-11-30
18,2,9,5.972226999999999,0.6488837248374101,7.081061220400003,2017-11-30
19,2,10,5.972226999999999,0.7786643564516685,6.413949575599997,2017-11-30
20,2,11,5.972226999999999,0.5628548497784404,6.0372270519999995,2017-11-30
21,2,12,5.972226999999999,0.5526613558317305,6.03956038720001,2017-11-30
22,2,13,5.972226999999999,1.3397510431283812,6.481449629599999,2017-11-30
23,2,17,5.972226999999999,0.4457043206799621,6.538894120000001,2017-11-30
24,3,2,5.972226999999999,0.6005551024488898,6.45850516679999,2017-11-30
25,3,3,5.972226999999999,0.9619609851046058,7.334561423199997,2017-11-30
26,3,4,5.972226999999999,0.7168734051283494,5.775893509600014,2017-11-30
27,3,6,5.9444492,0.4635333279426679,7.1593946164000135,2017-11-30
28,3,7,5.972226999999999,0.5368878136378125,8.052228664000006,2017-11-30
29,3,8,5.972226999999999,1.1407973354251693,7.071727879600006,2017-11-30
30,3,9,5.972226999999999,0.8063894307219115,7.452950406800004,2017-11-30
31,3,10,5.972226999999999,0.9373437080796364,7.569339388800005,2017-11-30
32,3,11,5.9444492,0.8690431683578808,6.282227247999993,2017-11-30
33,3,12,5.972226999999999,0.6016205232997177,5.956449209599993,2017-11-30
34,3,13,5.972226999999999,0.7425104373233142,6.399505119599994,2017-11-30
35,3,17,5.972226999999999,0.2733567242189946,5.880060259600004,2017-11-30
36,4,2,5.972226999999999,0.7008680287544155,6.688394239599975,2017-12-01
37,4,3,5.972226999999999,0.8677159632823223,7.117839027600008,2017-12-01
38,4,4,5.8055601999999995,0.13305850391579635,4.1545033236,2017-12-01
39,4,6,5.8333379999999995,0.17272630265193262,4.9401150632000075,2017-12-01
40,4,7,5.9444492,0.6826033931572205,6.263505010799999,2017-12-01
41,4,8,5.972226999999999,1.1987099607345346,5.456226587200019,2017-12-01
42,4,9,5.9444492,0.6654157550042096,6.245393885199995,2017-12-01
43,4,10,5.972226999999999,0.6102712041156766,8.05045088479999,2017-12-01
44,4,11,5.972226999999999,1.1165923984268376,6.121504897200001,2017-12-01
45,4,12,5.972226999999999,0.8291322619684908,5.731449029599998,2017-12-01
46,4,13,5.972226999999999,0.4359716189982556,6.132727128399989,2017-12-01
47,4,14,5.972226999999999,0.4327671905342213,7.061394538000002,2017-12-01
48,4,15,5.9444492,0.30017359473277444,3.1793914323999983,2017-12-01
49,4,16,5.972226999999999,0.3161747427219982,7.134116818399999,2017-12-01
50,4,17,5.9444492,0.14097967793263086,3.2826692928000023,2017-12-01
51,4,18,5.972226999999999,0.2812550780810105,4.0816699320000005,2017-12-01
52,4,19,5.972226999999999,0.21189420105974466,2.5547242659999947,2017-12-01
53,4,20,5.972226999999999,0.2567726394231165,7.012338943200002,2017-12-01
54,4,21,5.972226999999999,0.34803778965733617,7.218005774399999,2017-12-01
55,5,2,5.5277822,0.026808004608847046,1.1088897759999998,2017-12-01
56,5,3,5.972226999999999,0.5767735515211079,6.4290606987999865,2017-12-01
57,5,4,5.972226999999999,0.397231638807806,5.426171007600002,2017-12-01
58,5,6,5.9444492,0.7737543083589464,5.418282112400001,2017-12-01
59,5,7,5.972226999999999,0.7941351891493124,6.434560703199984,2017-12-01
60,5,8,5.972226999999999,1.3363348762465703,7.1363945979999865,2017-12-01
61,5,9,5.972226999999999,0.5562710746574414,6.585060823600004,2017-12-01
62,5,10,0.0,1.6813633003537731,7.68200614560001,2017-12-01
63,5,11,5.972226999999999,0.720654402954045,5.548282216399996,2017-12-01
64,5,12,5.972226999999999,0.4429988683169251,6.257893895199991,2017-12-01
65,5,13,5.972226999999999,0.7717519761693477,6.655171990800002,2017-12-01
66,5,17,5.888893599999999,0.07007452117457612,0.6023338152000002,2017-12-01
67,6,2,5.972226999999999,0.8931231601826879,6.7853387615999985,2017-12-01
68,6,3,5.6666712,0.03114687885846464,0.6026115932,2017-12-01
69,6,4,5.972226999999999,0.6449631961164847,6.937505549999994,2017-12-01
70,6,7,5.972226999999999,0.16168958836496328,4.486448033599997,2017-12-01
71,6,8,5.194448599999999,0.12026720902787405,0.12388898799999999,2017-12-01
72,6,9,5.916671400000001,0.6768296596651537,6.851616592399999,2017-12-01
73,6,10,5.972226999999999,0.7508194964393065,7.606672751999987,2017-12-01
74,6,11,5.972226999999999,0.6001304911497802,5.488837724400017,2017-12-01
75,6,12,5.972226999999999,1.1170212093823342,6.639394200399986,2017-12-01
76,6,13,5.9444492,0.5177362608269932,7.394339248799995,2017-12-01
77,6,14,5.972226999999999,0.07360645761514471,0.6759449852000001,2017-12-01
78,6,17,5.972226999999999,1.0063542450294718,5.8644491360000055,2017-12-01
79,7,2,5.972226999999999,0.4243336250556363,6.478671849600004,2018-01-26
80,7,3,5.972226999999999,0.9488954827650228,7.064061206800004,2018-01-26
81,7,4,5.972226999999999,0.6170739843595263,6.043282612399999,2018-01-26
82,7,7,5.972226999999999,0.7820078433014446,6.074838193200009,2018-01-26
83,7,8,5.972226999999999,1.2876255415124342,7.0082833844,2018-01-26
84,7,9,5.888893599999999,0.4238746487922126,6.981783363200005,2018-01-26
85,7,10,5.972226999999999,1.4759034025156668,6.671116448000003,2018-01-26
86,7,11,5.972226999999999,0.6123835531201863,5.630948949200001,2018-01-26
87,7,12,5.972226999999999,0.3642289660201831,5.603115593599996,2018-01-26
88,7,13,5.972226999999999,0.4305905650418906,7.019394504399994,2018-01-26
89,7,14,5.972226999999999,0.3324170067875039,5.088726293200002,2018-01-26
90,7,21,5.861115799999999,0.04871782130138259,1.739056946799998,2018-01-26
91,8,2,5.972226999999999,0.6015958057331382,6.164782709599991,2018-01-26
92,8,3,5.972226999999999,0.8086826375706547,6.640060867599986,2018-01-26
93,8,4,5.972226999999999,1.008395591160457,4.583059222000004,2018-01-26
94,8,7,5.972226999999999,1.6283996084361567,7.055283422000001,2018-01-26
95,8,8,5.972226999999999,1.0084426841206735,7.0327834040000115,2018-01-26
96,8,9,5.9444492,1.7705945101072311,5.867782472000007,2018-01-26
97,8,10,5.972226999999999,0.9563812044350763,7.731339518400001,2018-01-26
98,8,11,5.972226999999999,0.5022167045266298,5.582726688399994,2018-01-26
99,8,12,5.972226999999999,0.5077608983749404,5.0864485136000015,2018-01-26
100,8,13,5.972226999999999,0.7315690408909646,6.2687827927999935,2018-01-26
101,8,14,5.916671400000001,0.18689251253264105,4.8293927523999995,2018-01-26
102,9,2,5.972226999999999,1.1656330296744526,6.516171879600002,2018-01-26
103,9,3,5.972226999999999,0.6283377549326657,4.884503907599997,2018-01-26
104,9,4,5.972226999999999,0.5828905863074388,6.431116256,2018-01-26
105,9,7,5.972226999999999,0.5561174319812869,7.197894647199993,2018-01-26
106,9,8,5.972226999999999,0.9295163646251688,5.965504772399999,2018-01-26
107,9,9,5.972226999999999,0.6830357716882491,6.083615978000011,2018-01-26
108,9,10,5.972226999999999,0.8896039555222299,5.052781819999995,2018-01-26
109,9,11,5.972226999999999,0.32320761223820466,6.844172142000003,2018-01-26
110,9,12,5.972226999999999,0.5346194710698448,5.510393297200008,2018-01-26
111,9,13,5.9444492,0.4777941056948588,5.224226401599996,2018-01-26
112,9,14,5.972226999999999,0.5020010027079489,5.0718373908,2018-01-26
113,10,2,5.972226999999999,0.8648567246970817,6.473949623599998,2018-01-27
114,10,3,5.972226999999999,1.0791373400635729,6.63078308240001,2018-01-27
115,10,4,5.972226999999999,0.8573162578605533,6.721116487999998,2018-01-27
116,10,7,5.972226999999999,0.8109111951094465,6.11744933840002,2018-01-27
117,10,8,5.972226999999999,0.669002423160958,5.876615812400005,2018-01-27
118,10,9,5.972226999999999,1.08376764155927,5.747004597600004,2018-01-27
119,10,10,5.972226999999999,1.3494810962939126,6.159893816799996,2018-01-27
120,10,11,5.972226999999999,1.1374973081089332,6.541560788800001,2018-01-27
121,10,12,5.972226999999999,0.3853480103580802,4.9967817752,2018-01-27
122,10,13,5.972226999999999,0.4629449190589129,5.032670692799997,2018-01-27
123,10,14,5.9444492,0.3643553010821645,4.8377260924000005,2018-01-27
124,11,1,5.972226999999999,0.7414545825143237,7.626839434799987,2018-01-27
125,11,2,5.972226999999999,0.8277718748999592,6.876949945999991,2018-01-27
126,11,3,5.9444492,0.08449051410415899,2.1488906080000003,2018-01-27
127,11,4,5.916671400000001,0.11782695958225695,1.7942792131999996,2018-01-27
128,11,5,5.972226999999999,1.0515933987815609,6.174727162000002,2018-01-27
129,11,7,5.972226999999999,0.16974824442745548,3.9006697871999974,2018-01-27
130,11,8,5.972226999999999,0.3198380460134585,6.563838584400006,2018-01-27
131,11,10,5.972226999999999,0.5012345286452292,6.072893747200001,2018-01-27
132,11,11,5.972226999999999,0.9385357626146468,6.258727229199995,2018-01-27
133,11,12,5.972226999999999,0.7771651663037743,5.867338027199986,2018-01-27
134,11,13,5.972226999999999,0.6895120897104725,6.892283291599983,2018-01-27
135,11,16,5.916671400000001,0.8291390898535637,5.827726884400006,2018-01-27
136,12,1,5.972226999999999,0.8260148735404188,6.975005580000008,2018-01-28
137,12,2,5.972226999999999,0.3640340130853263,4.537836963600005,2018-01-28
138,12,3,5.972226999999999,1.0803217346916727,7.222672444800017,2018-01-28
139,12,4,5.972226999999999,0.6187471692630832,5.850893569599999,2018-01-28
140,12,5,5.972226999999999,0.7713482370382941,7.008338939999992,2018-01-28
141,12,7,5.972226999999999,0.94803976761411,8.113617601999993,2018-01-28
142,12,8,5.972226999999999,1.3212966979175704,7.2286724496,2018-01-28
143,12,10,5.972226999999999,1.1147772077892444,6.966450017600006,2018-01-28
144,12,11,5.972226999999999,0.4158298181507932,6.032504825999991,2018-01-28
145,12,12,5.972226999999999,0.1543442974232671,4.620337029600001,2018-01-28
146,12,13,5.972226999999999,0.317267629452034,5.009615118799999,2018-01-28
147,12,16,5.972226999999999,0.4554411578454998,5.375782078400006,2018-01-28
148,13,1,5.972226999999999,1.2178319933450512,6.432894035199991,2018-04-13
149,13,2,5.972226999999999,0.95177318115324,6.540727454799995,2018-04-13
150,13,3,5.972226999999999,0.8837847449583395,8.377062257200002,2018-04-13
151,13,4,5.972226999999999,0.5472624287973249,6.474782957600017,2018-04-13
152,13,5,5.972226999999999,0.8935488820927376,5.907782504,2018-04-13
153,13,7,5.972226999999999,0.3711006341456097,7.904450767999999,2018-04-13
154,13,8,5.972226999999999,0.6830569948452626,7.026172287599988,2018-04-13
155,13,10,5.972226999999999,1.0391694947620331,7.525061575599995,2018-04-13
156,13,11,5.972226999999999,0.6376323526138601,7.150727942799989,2018-04-13
157,13,12,5.972226999999999,0.4713959636365869,6.176338274399996,2018-04-13
158,13,13,5.972226999999999,0.7294701700562297,6.046115947999997,2018-04-13
159,13,16,5.972226999999999,0.7783469528325913,6.3475606336000086,2018-04-13
160,14,1,5.9444492,1.2530581495380675,6.916672199999985,2018-04-13
161,14,2,5.972226999999999,0.2536705518606078,4.4015035211999995,2018-04-13
162,14,3,5.972226999999999,0.8105651186836362,6.444171822000012,2018-04-13
163,14,4,5.972226999999999,0.5459704797616934,5.587282247600012,2018-04-13
164,14,5,5.972226999999999,0.7817373380783538,7.504506003600013,2018-04-13
165,14,7,5.972226999999999,0.36338729550018456,6.185782726399999,2018-04-13
166,14,8,5.972226999999999,1.0058201425942834,5.700837893999999,2018-04-13
167,14,10,5.972226999999999,0.8690607583679643,6.718172041200005,2018-04-13
168,14,11,5.972226999999999,0.5955990357206857,6.140782690399992,2018-04-13
169,14,12,5.972226999999999,0.3621392663095656,6.498727421200013,2018-04-13
170,14,13,5.972226999999999,0.514497169881042,5.875226922399994,2018-04-13
171,14,16,5.972226999999999,0.7045349460640354,4.899726141999985,2018-04-13
172,15,1,5.972226999999999,0.4896607478600243,6.467671840799992,2018-04-14
173,15,2,5.972226999999999,0.7548484652543587,7.418283712400001,2018-04-14
174,15,3,5.972226999999999,0.9464219819352218,6.276671687999993,2018-04-14
175,15,4,5.972226999999999,0.5749114046311075,6.463782948799992,2018-04-14
176,15,5,5.972226999999999,1.1423355360548142,6.397449562400007,2018-04-14
177,15,8,5.972226999999999,0.8858599816500481,6.346393966000002,2018-04-14
178,15,10,5.972226999999999,0.8363427689722938,6.7058942536,2018-04-14
179,15,11,5.972226999999999,0.3702014651469184,5.540115543200005,2018-04-14
180,15,12,5.972226999999999,0.3053536536687966,6.120449340799999,2018-04-14
181,15,13,5.972226999999999,0.9073337488591348,6.903783300799998,2018-04-14
182,15,14,5.972226999999999,0.8877344713538091,6.066393741999985,2018-04-14
183,15,16,5.972226999999999,0.14305517019482994,3.9477253804000068,2018-04-14
184,16,1,5.916671400000001,1.3115496978626275,6.3293383968000025,2018-04-15
185,16,2,5.972226999999999,0.38982484150643454,6.242338327199995,2018-04-15
186,16,3,5.972226999999999,0.6262495435677268,6.954838897200001,2018-04-15
187,16,4,5.972226999999999,0.5798735855412622,7.573561614400001,2018-04-15
188,16,5,5.972226999999999,0.8957168117960518,4.5310591804000016,2018-04-15
189,16,8,5.972226999999999,1.0054915960507564,5.914282509199993,2018-04-15
190,16,10,5.972226999999999,1.178306588201538,6.980450028799998,2018-04-15
191,16,11,5.972226999999999,0.5361828643783723,6.098615990000001,2018-04-15
192,16,12,5.972226999999999,0.2613918185282136,4.5517814192,2018-04-15
193,16,13,5.972226999999999,1.3204149598897377,4.7444482400000085,2018-04-15
194,16,14,5.916671400000001,0.9700126476077788,6.812727672400001,2018-04-15
195,16,16,5.972226999999999,1.1144405499437624,4.945448400800004,2018-04-15
196,17,1,5.972226999999999,0.6149142579666709,6.671727559599998,2018-04-15
197,17,2,5.972226999999999,0.8790179302604407,6.310893937600002,2018-04-15
198,17,4,5.972226999999999,1.1685780420919731,5.659560083199993,2018-04-15
199,17,5,5.972226999999999,0.9303084738379036,6.8725610535999975,2018-04-15
200,17,8,5.972226999999999,0.804676851482059,7.3942836932,2018-04-15
201,17,10,5.972226999999999,1.1980412001923608,6.89017217879999,2018-04-15
202,17,11,5.972226999999999,0.4985190709843768,6.9476722248,2018-04-15
203,17,12,5.972226999999999,0.6644366994381079,5.7241156904000015,2018-04-15
204,17,13,5.972226999999999,0.4754794687746438,5.057892935199993,2018-04-15
205,17,14,5.9444492,0.3879623145415213,5.687060105199999,2018-04-15
206,17,16,5.972226999999999,0.6671620563188141,6.104060438799999,2018-04-15
207,18,1,5.972226999999999,0.7621076675051287,7.462172636399995,2018-04-21
208,18,2,5.972226999999999,0.8048720130357249,6.984672254400001,2018-04-21
209,18,5,5.972226999999999,0.8324084157821956,7.717728396400003,2018-04-21
210,18,8,5.972226999999999,0.5281882796489424,7.547950482799969,2018-04-21
211,18,10,5.972226999999999,0.8798242347299865,6.747005397600005,2018-04-21
212,18,11,5.972226999999999,1.0064094207971568,5.680837877999995,2018-04-21
213,18,12,5.972226999999999,0.8222307586200006,7.220005775999994,2018-04-21
214,18,13,5.972226999999999,0.9217481032601516,6.854394372399995,2018-04-21
215,18,14,5.972226999999999,1.121261624468031,6.286060584399994,2018-04-21
216,18,16,5.972226999999999,0.4828423582942315,5.7240045791999945,2018-04-21
217,19,1,5.972226999999999,1.2303912954468823,6.874561055200001,2018-04-21
218,19,2,5.972226999999999,0.9193674527740054,7.235950233199995,2018-04-21
219,19,4,5.972226999999999,1.0269765083299085,5.397393206799993,2018-04-21
220,19,5,5.972226999999999,0.8729526505271055,7.926339674399995,2018-04-21
221,19,7,5.972226999999999,0.8314530320606872,5.5365599848,2018-04-21
222,19,8,5.972226999999999,0.6029178581266561,5.351393169999995,2018-04-21
223,19,11,5.972226999999999,0.9236125094998912,5.924171406,2018-04-21
224,19,12,5.972226999999999,0.4709562525118724,5.773893508000009,2018-04-21
225,19,13,5.972226999999999,0.4388044350138355,5.385337641599993,2018-04-21
226,19,15,5.972226999999999,0.6332761443966209,5.3768376348,2018-04-21
227,19,16,5.972226999999999,1.0088555470705878,6.1306715712,2018-04-21
228,20,1,5.972226999999999,0.6218341164049899,7.070727878799997,2018-04-21
229,20,2,5.972226999999999,0.2909190324273115,5.88061581559999,2018-04-21
230,20,4,5.972226999999999,0.5675278654557131,6.594060830800012,2018-04-21
231,20,5,5.972226999999999,0.5122453483703235,7.699728382000001,2018-04-21
232,20,7,5.972226999999999,0.7354419053354585,6.834616578800012,2018-04-21
233,20,8,5.972226999999999,1.0114052377559148,6.7257831584,2018-04-21
234,20,10,5.972226999999999,0.6869165776877413,6.0723937467999995,2018-04-21
235,20,11,5.972226999999999,0.7362804430147908,7.232339119200004,2018-04-21
236,20,12,5.972226999999999,0.9102156637789252,6.6597831056000025,2018-04-21
237,20,13,5.972226999999999,0.5670944027781097,4.934559503200003,2018-04-21
238,20,15,5.972226999999999,0.9983788022750352,6.381282882800001,2018-04-21
239,20,16,5.972226999999999,0.5914367949384907,5.201893050400007,2018-04-21
240,21,1,5.972226999999999,0.7940897231407618,7.655172790800014,2018-04-22
241,21,2,5.972226999999999,0.28005790429625804,7.025394509200003,2018-04-22
242,21,4,5.972226999999999,0.8940983635136748,7.1593946163999975,2018-04-22
243,21,5,5.972226999999999,1.134180584585917,7.542506034000005,2018-04-22
244,21,7,5.972226999999999,1.2006628830216035,7.586894958399995,2018-04-22
245,21,8,5.9444492,0.8963141720161931,7.0400056319999855,2018-04-22
246,21,10,5.972226999999999,0.561244837464025,7.152005721599994,2018-04-22
247,21,11,5.972226999999999,0.7872375132904629,6.599171946000001,2018-04-22
248,21,12,5.9444492,0.1897716708363789,3.9068364587999995,2018-04-22
249,21,13,5.972226999999999,0.9719175474896128,5.7990046392,2018-04-22
250,21,15,5.9444492,0.14695278309807905,3.3847804855999994,2018-04-22
251,21,16,5.9444492,0.18175267784304025,4.0067809832,2018-04-22
252,22,1,5.972226999999999,1.5672573765375934,7.801339574400015,2018-04-22
253,22,2,5.972226999999999,0.7958386129045993,5.9348380812,2018-04-22
254,22,4,5.972226999999999,0.7571521658807704,5.041226255199994,2018-04-22
255,22,5,5.9444492,0.4357902288656496,6.893449959200001,2018-04-22
256,22,7,5.972226999999999,1.1743568166922864,6.701949805999993,2018-04-22
257,22,8,5.972226999999999,1.0975092754807108,7.464450416,2018-04-22
258,22,11,5.9444492,0.5525152880731063,7.131561260800016,2018-04-22
259,22,12,5.972226999999999,1.0904903535271924,4.432003545600003,2018-04-22
260,22,13,5.972226999999999,0.5619848266499646,5.9256158516000035,2018-04-22
261,22,15,5.972226999999999,0.6701418574159943,5.995949241199993,2018-04-22
262,22,16,5.972226999999999,0.8150706831487045,6.449505159600005,2018-04-22
263,23,1,5.972226999999999,0.9043815432750552,7.940784130400005,2018-05-12
264,23,2,5.972226999999999,0.9058877901232344,6.029338156799991,2018-05-12
265,23,4,5.972226999999999,0.4466115430456925,5.86461580279999,2018-05-12
266,23,5,5.972226999999999,1.3441852155259688,8.029228645599995,2018-05-12
267,23,7,5.972226999999999,0.5046384425702505,5.486726611599997,2018-05-12
268,23,8,5.916671400000001,0.9596793200611008,5.605115595200002,2018-05-12
269,23,11,5.972226999999999,0.7870359741741859,5.934115858400005,2018-05-12
270,23,12,5.972226999999999,0.2304807091933361,5.260170874799997,2018-05-12
271,23,13,5.972226999999999,0.8375829396175951,5.579782241599986,2018-05-12
272,23,15,5.972226999999999,0.7277126678647603,5.4741154904000044,2018-05-12
273,23,16,5.972226999999999,0.7333411619705564,6.673283116400006,2018-05-12
274,24,1,5.972226999999999,1.2303912954468823,6.874561055200001,2018-05-12
275,24,2,5.972226999999999,0.9193674527740054,7.235950233199995,2018-05-12
276,24,4,5.972226999999999,1.0269765083299085,5.397393206799993,2018-05-12
277,24,5,5.972226999999999,0.8729526505271055,7.926339674399995,2018-05-12
278,24,7,5.972226999999999,0.8314530320606872,5.5365599848,2018-05-12
279,24,8,5.972226999999999,0.6029178581266561,5.351393169999995,2018-05-12
280,24,11,5.972226999999999,0.9236125094998912,5.924171406,2018-05-12
281,24,12,5.972226999999999,0.4709562525118724,5.773893508000009,2018-05-12
282,24,13,5.972226999999999,0.4388044350138355,5.385337641599993,2018-05-12
283,24,15,5.972226999999999,0.6332761443966209,5.3768376348,2018-05-12
284,24,16,5.972226999999999,1.0088555470705878,6.1306715712,2018-05-12
285,25,1,5.972226999999999,0.6218341164049899,7.070727878799997,2018-05-12
286,25,2,5.972226999999999,0.2909190324273115,5.88061581559999,2018-05-12
287,25,4,5.972226999999999,0.5675278654557131,6.594060830800012,2018-05-12
288,25,5,5.972226999999999,0.5122453483703235,7.699728382000001,2018-05-12
289,25,7,5.972226999999999,0.7354419053354585,6.834616578800012,2018-05-12
290,25,8,5.972226999999999,1.0114052377559148,6.7257831584,2018-05-12
291,25,10,5.972226999999999,0.6869165776877413,6.0723937467999995,2018-05-12
292,25,11,5.972226999999999,0.7362804430147908,7.232339119200004,2018-05-12
293,25,12,5.972226999999999,0.9102156637789252,6.6597831056000025,2018-05-12
294,25,13,5.972226999999999,0.5670944027781097,4.934559503200003,2018-05-12
295,25,15,5.972226999999999,0.9983788022750352,6.381282882800001,2018-05-12
296,25,16,5.972226999999999,0.5914367949384907,5.201893050400007,2018-05-12
297,26,1,5.972226999999999,0.7940897231407618,7.655172790800014,2018-05-13
298,26,2,5.972226999999999,0.28005790429625804,7.025394509200003,2018-05-13
299,26,4,5.972226999999999,0.8940983635136748,7.1593946163999975,2018-05-13
300,26,5,5.972226999999999,1.134180584585917,7.542506034000005,2018-05-13
301,26,7,5.972226999999999,1.2006628830216035,7.586894958399995,2018-05-13
302,26,8,5.9444492,0.8963141720161931,7.0400056319999855,2018-05-13
303,26,10,5.972226999999999,0.561244837464025,7.152005721599994,2018-05-13
304,26,11,5.972226999999999,0.7872375132904629,6.599171946000001,2018-05-13
305,26,12,5.9444492,0.1897716708363789,3.9068364587999995,2018-05-13
306,26,13,5.972226999999999,0.9719175474896128,5.7990046392,2018-05-13
307,26,15,5.9444492,0.14695278309807905,3.3847804855999994,2018-05-13
308,26,16,5.9444492,0.18175267784304025,4.0067809832,2018-05-13
309,27,1,5.972226999999999,1.5672573765375934,7.801339574400015,2018-05-13
310,27,2,5.972226999999999,0.7958386129045993,5.9348380812,2018-05-13
311,27,4,5.972226999999999,0.7571521658807704,5.041226255199994,2018-05-13
312,27,5,5.9444492,0.4357902288656496,6.893449959200001,2018-05-13
313,27,7,5.972226999999999,1.1743568166922864,6.701949805999993,2018-05-13
314,27,8,5.972226999999999,1.0975092754807108,7.464450416,2018-05-13
315,27,11,5.9444492,0.5525152880731063,7.131561260800016,2018-05-13
316,27,12,5.972226999999999,1.0904903535271924,4.432003545600003,2018-05-13
317,27,13,5.972226999999999,0.5619848266499646,5.9256158516000035,2018-05-13
318,27,15,5.972226999999999,0.6701418574159943,5.995949241199993,2018-05-13
319,27,16,5.972226999999999,0.8150706831487045,6.449505159600005,2018-05-13
320,28,1,5.972226999999999,0.9043815432750552,7.940784130400005,2018-05-13
321,28,2,5.972226999999999,0.9058877901232344,6.029338156799991,2018-05-13
322,28,4,5.972226999999999,0.4466115430456925,5.86461580279999,2018-05-13
323,28,5,5.972226999999999,1.3441852155259688,8.029228645599995,2018-05-13
324,28,7,5.972226999999999,0.5046384425702505,5.486726611599997,2018-05-13
325,28,8,5.916671400000001,0.9596793200611008,5.605115595200002,2018-05-13
326,28,11,5.972226999999999,0.7870359741741859,5.934115799999994,2018-05-13
327,28,12,5.972226999999999,0.2304807091933361,5.26017082,2018-05-13
328,28,13,5.972226999999999,0.8375829396175951,5.579782319999993,2018-05-13
329,28,15,5.972226999999999,0.7277126678647603,5.4741154904000044,2018-05-13
330,28,16,5.972226999999999,0.7333411619705564,6.673283116400006,2018-05-13
331,29,1,5.972226999999999,1.063071009825619,6.834283245200016,2018-06-08
332,29,2,5.972226999999999,0.8858600502569989,5.5669488979999935,2018-06-08
333,29,3,5.972226999999999,1.2215229487677657,6.605005284000012,2018-06-08
334,29,4,5.972226999999999,0.8017862558738036,5.228337515999995,2018-06-08
335,29,5,5.972226999999999,0.7940650886595367,6.9637277931999995,2018-06-08
336,29,7,5.972226999999999,0.8019392018309124,7.421617048400006,2018-06-08
337,29,8,5.9444492,1.2768411541586282,5.289504231599997,2018-06-08
338,29,11,5.972226999999999,2.0721410045191004,5.34894872360001,2018-06-08
339,29,13,5.972226999999999,0.42378651371539866,5.273226440800003,2018-06-08
340,29,14,5.972226999999999,0.33781430015907826,6.686505349199981,2018-06-08
341,29,15,5.861115799999999,0.4866520358950952,4.154558879200001,2018-06-08
342,29,16,5.972226999999999,0.5775252995307679,5.666448977599989,2018-06-08
343,30,1,5.972226999999999,0.8754428764233257,7.743450639200005,2018-06-08
344,30,2,5.972226999999999,1.120392435908013,7.518394903600006,2018-06-08
345,30,3,5.972226999999999,0.7740625350337912,5.636837842799989,2018-06-08
346,30,4,5.972226999999999,0.9272654824363212,7.014783389599989,2018-06-08
347,30,5,5.972226999999999,0.5649681207116449,6.349727302000002,2018-06-08
348,30,7,5.972226999999999,0.31636709363774523,5.718115685600003,2018-06-08
349,30,8,5.972226999999999,0.6028429459266259,6.5690052552,2018-06-08
350,30,11,5.9444492,0.7692006938431817,6.167338267199994,2018-06-08
351,30,13,5.972226999999999,0.4861888700236563,6.936172215600003,2018-06-08
352,30,14,5.972226999999999,1.312646314593556,5.98328256440001,2018-06-08
353,30,15,5.972226999999999,0.3921289994599764,6.763449855199991,2018-06-08
354,30,16,5.9444492,0.9243608416918744,6.643005314400004,2018-06-08
355,31,1,5.972226999999999,1.0035073760393816,8.148339852000003,2018-06-08
356,31,2,5.972226999999999,1.070858950706029,6.653005322400009,2018-06-08
357,31,3,5.972226999999999,1.1591761834231007,6.112171556400016,2018-06-08
358,31,4,5.972226999999999,0.4289906983799376,6.518060769999996,2018-06-08
359,31,5,5.972226999999999,0.9374129996237854,6.3628384235999995,2018-06-08
360,31,7,5.9444492,1.4943622039228737,5.742171260399998,2018-06-08
361,31,8,5.972226999999999,1.0623556906745992,6.233504986800008,2018-06-08
362,31,11,5.972226999999999,0.9142689924303276,6.414060686800002,2018-06-08
363,31,13,5.972226999999999,0.5137255607669664,6.720727598799995,2018-06-08
364,31,14,5.9444492,0.2499178087357929,4.514781389599998,2018-06-08
365,31,15,5.972226999999999,0.7316343510278036,5.905782502399994,2018-06-08
366,31,16,5.972226999999999,1.881402734402412,6.735616499600004,2018-06-08
367,32,1,5.972226999999999,0.7756912460660401,7.487839323599984,2018-06-09
368,32,2,5.9444492,1.3477959386819174,6.973394467599997,2018-06-09
369,32,3,5.972226999999999,0.9072789087947868,7.46622819519999,2018-06-09
370,32,4,5.972226999999999,0.3777536358451351,5.975282558000001,2018-06-09
371,32,5,5.972226999999999,0.927822937259956,8.23539547719999,2018-06-09
372,32,7,5.972226999999999,0.7285045292761493,7.918561890400001,2018-06-09
373,32,8,5.972226999999999,1.3861704255200256,5.583393355600004,2018-06-09
374,32,11,5.972226999999999,0.4944776679660922,6.5645052516,2018-06-09
375,32,13,5.972226999999999,0.507480994060677,6.129004903199988,2018-06-09
376,32,14,5.972226999999999,0.4439378310752304,6.410560684000014,2018-06-09
377,32,15,5.972226999999999,0.15681985868765028,4.337781248,2018-06-09
378,32,16,5.972226999999999,0.6197147418076043,4.957337299200003,2018-06-09
379,33,1,5.972226999999999,0.5406786502191333,7.097616789200008,2018-06-09
380,33,2,5.972226999999999,0.7150104488406104,5.4913377264000065,2018-06-09
381,33,3,5.972226999999999,0.8693453174217006,6.287005029600011,2018-06-09
382,33,4,5.972226999999999,1.1993858099163277,6.800838773999987,2018-06-09
383,33,5,5.972226999999999,1.4668993601130935,7.400394809200002,2018-06-09
384,33,7,5.972226999999999,0.772467002971587,7.466172639600002,2018-06-09
385,33,8,5.972226999999999,0.6072773337126126,4.709948212400005,2018-06-09
386,33,11,5.972226999999999,1.3243242541104725,6.323838392399987,2018-06-09
387,33,13,5.972226999999999,0.6599390116893898,5.631893394400006,2018-06-09
388,33,15,5.972226999999999,1.0058731773197214,5.306004244799998,2018-06-09
389,33,16,5.9444492,0.14524446415611886,4.314559007200001,2018-06-09
390,34,1,5.972226999999999,0.9492650927535008,7.671339470400008,2018-06-10
391,34,2,5.972226999999999,0.6604913474386925,7.046338970400002,2018-06-10
392,34,3,5.972226999999999,1.015946217113392,6.325171726800009,2018-06-10
393,34,4,5.972226999999999,0.6990965830519843,5.897393606799997,2018-06-10
394,34,5,5.972226999999999,1.4836108824131498,6.747060953199987,2018-06-10
395,34,7,5.972226999999999,0.8820326160734328,6.879394392399997,2018-06-10
396,34,8,5.972226999999999,0.8703252724601545,4.451114672000006,2018-06-10
397,34,11,5.972226999999999,0.6901779355399487,5.332504265999994,2018-06-10
398,34,13,5.972226999999999,0.6459780924640579,5.675004539999994,2018-06-10
399,34,15,5.972226999999999,0.7468798756113944,5.269559771200004,2018-06-10
400,35,1,5.972226999999999,0.3696036042879149,7.871117407999978,2018-07-20
401,35,2,5.972226999999999,0.6033259300841239,6.2290049832,2018-07-20
402,35,3,5.972226999999999,0.7063693411340919,7.841006272800005,2018-07-20
403,35,4,5.972226999999999,0.6320229077395801,6.278893912000005,2018-07-20
404,35,5,5.972226999999999,0.7621157566879335,4.962948414799997,2018-07-20
405,35,7,5.972226999999999,1.0548236967007374,6.920227758400004,2018-07-20
406,35,10,5.972226999999999,1.2171474671034996,7.996339730399999,2018-07-20
407,35,11,5.972226999999999,1.191842926194142,6.9542833412,2018-07-20
408,35,13,5.9444492,0.7088621229846382,6.356393974000006,2018-07-20
409,35,14,5.9444492,0.4046542326502514,4.6142259136000146,2018-07-20
410,35,15,5.972226999999999,1.1737914736761097,6.598949723600004,2018-07-20
411,35,16,5.972226999999999,1.3509142756425738,5.985171454800009,2018-07-20
412,36,1,5.972226999999999,0.9365387680005391,6.42639402999999,2018-07-20
413,36,2,5.972226999999999,1.1423374519611087,5.65883786039999,2018-07-20
414,36,3,5.972226999999999,1.2495234952213188,5.378615413999999,2018-07-20
415,36,4,5.972226999999999,0.9456837616784058,5.265004211999997,2018-07-20
416,36,5,5.972226999999999,1.090632233085463,7.611339422400007,2018-07-20
417,36,7,5.972226999999999,0.764659596556174,7.857561841599976,2018-07-20
418,36,10,5.972226999999999,1.0186677777515722,7.149450163999986,2018-07-20
419,36,11,5.972226999999999,0.8176387432330806,5.321948702000001,2018-07-20
420,36,13,5.972226999999999,0.6612274710521511,6.574171926000011,2018-07-20
421,36,14,5.888893599999999,0.1554146125688927,4.657337059199999,2018-07-20
422,36,15,5.9444492,1.4692570026831269,5.637337843199994,2018-07-20
423,36,16,5.972226999999999,0.5996858934864595,4.852337215200004,2018-07-20
424,37,1,5.972226999999999,1.3850008428433758,7.098394567600008,2018-07-21
425,37,2,5.861115799999999,0.1762782380757396,4.027503222000004,2018-07-21
426,37,3,5.972226999999999,0.8436342862793331,6.578560818399994,2018-07-21
427,37,4,5.972226999999999,0.9005145161374509,5.548282216400008,2018-07-21
428,37,5,5.972226999999999,1.1238344058822614,7.100727902799994,2018-07-21
429,37,7,5.972226999999999,0.7525042419860348,6.8576721527999736,2018-07-21
430,37,10,5.972226999999999,1.5896088719387242,6.460505168399997,2018-07-21
431,37,11,5.972226999999999,0.6838916310831985,6.469727397999982,2018-07-21
432,37,13,5.972226999999999,0.5190045957113583,6.451449605600001,2018-07-21
433,37,14,5.9444492,0.17914136383010162,3.482836119599999,2018-07-21
434,37,15,5.972226999999999,0.6278976662927205,4.726003780799996,2018-07-21
435,37,16,5.972226999999999,0.4463056528788678,6.383171773199994,2018-07-21
436,38,1,5.972226999999999,1.2826304977973135,6.8868943983999875,2018-07-21
437,38,2,5.972226999999999,1.1636192979742042,6.670616447599977,2018-07-21
438,38,3,5.972226999999999,0.9288545653005216,5.552115552800015,2018-07-21
439,38,4,5.972226999999999,0.7348246336494975,5.729337916799999,2018-07-21
440,38,5,5.972226999999999,0.7664156127905171,6.414116242399993,2018-07-21
441,38,7,5.972226999999999,0.7926575698999025,7.084505667599983,2018-07-21
442,38,10,5.916671400000001,1.1255241618429122,6.327060617200004,2018-07-21
443,38,11,5.972226999999999,1.0073213275884791,5.355004283999993,2018-07-21
444,38,13,5.972226999999999,0.8638629732948062,5.1821152568,2018-07-21
445,38,14,5.972226999999999,0.8760604329446725,6.5766719279999934,2018-07-21
446,38,15,5.972226999999999,0.7144198534499064,5.32355981440001,2018-07-21
447,38,16,5.972226999999999,0.4962002377297238,5.178281920399999,2018-07-21
